KAT-4054,13451-24081 90250-08120 13451-15111 90250-08120,MAIN ASSEMBLY,EL-5030,,GIKEN INDUSTRIAL CO LTD,flywheel pin press fit machine,24-MPS-1,A4,EQUIPMENT SPECIFICATION,,20000_s.pdf,,D2,@
KAT-4054,13451-24081 90250-08120 13451-15111 90250-08120,MAIN ASSEMBLY,EL-5030,,GIKEN INDUSTRIAL CO LTD,flywheel pin press fit machine,24-MPS-1,A4,OVERALL ASSEMBLY DRAWING,,30000_sk.pdf,,24-MPS-1-101,@
KAT-4054,13451-24081 90250-08120 13451-15111 90250-08120,MAIN ASSEMBLY,EL-5030,,GIKEN INDUSTRIAL CO LTD,flywheel pin press fit machine,24-MPS-1,A4,MACHINE ASSEMBLY DRAWINGS,,30001_kk.pdf,,24-MPS-1-111,@
KAT-4054,13451-24081 90250-08120 13451-15111 90250-08120,MAIN ASSEMBLY,EL-5030,,GIKEN INDUSTRIAL CO LTD,flywheel pin press fit machine,24-MPS-1,A4,MACHINE ASSEMBLY DRAWINGS,,30002_kk.pdf,,24-MPS-1-121,@
KAT-4054,13451-24081 90250-08120 13451-15111 90250-08120,MAIN ASSEMBLY,EL-5030,,GIKEN INDUSTRIAL CO LTD,flywheel pin press fit machine,24-MPS-1,A4,MACHINE ASSEMBLY DRAWINGS,,30003_kk.pdf,,24-MPS-1-131,@
KAT-4054,13451-24081 90250-08120 13451-15111 90250-08120,MAIN ASSEMBLY,EL-5030,,GIKEN INDUSTRIAL CO LTD,flywheel pin press fit machine,24-MPS-1,A4,MACHINE ASSEMBLY DRAWINGS,,30004_kk.pdf,,24-MPS-1-201,@
KAT-4054,13451-24081 90250-08120 13451-15111 90250-08120,MAIN ASSEMBLY,EL-5030,,GIKEN INDUSTRIAL CO LTD,flywheel pin press fit machine,24-MPS-1,A4,MACHINE ASSEMBLY DRAWINGS,,30005_kk.pdf,,24-MPS-1-221,@
KAT-4054,13451-24081 90250-08120 13451-15111 90250-08120,MAIN ASSEMBLY,EL-5030,,GIKEN INDUSTRIAL CO LTD,flywheel pin press fit machine,24-MPS-1,A4,MACHINE ASSEMBLY DRAWINGS,,30006_kk.pdf,,24-MPS-1-251,@
KAT-4054,13451-24081 90250-08120 13451-15111 90250-08120,MAIN ASSEMBLY,EL-5030,,GIKEN INDUSTRIAL CO LTD,flywheel pin press fit machine,24-MPS-1,A4,MACHINE ASSEMBLY DRAWINGS,,30007_kk.pdf,,24-MPS-1-261,@
KAT-4054,13451-24081 90250-08120 13451-15111 90250-08120,MAIN ASSEMBLY,EL-5030,,GIKEN INDUSTRIAL CO LTD,flywheel pin press fit machine,24-MPS-1,A4,MACHINE ASSEMBLY DRAWINGS,,30008_kk.pdf,,24-MPS-1-271,@
KAT-4054,13451-24081 90250-08120 13451-15111 90250-08120,MAIN ASSEMBLY,EL-5030,,GIKEN INDUSTRIAL CO LTD,flywheel pin press fit machine,24-MPS-1,A4,MACHINE ASSEMBLY DRAWINGS,,30009_kk.pdf,,24-MPS-1-301,@
KAT-4054,13451-24081 90250-08120 13451-15111 90250-08120,MAIN ASSEMBLY,EL-5030,,GIKEN INDUSTRIAL CO LTD,flywheel pin press fit machine,24-MPS-1,A4,MACHINE ASSEMBLY DRAWINGS,,30010_kk.pdf,,24-MPS-1-351,@
KAT-4054,13451-24081 90250-08120 13451-15111 90250-08120,MAIN ASSEMBLY,EL-5030,,GIKEN INDUSTRIAL CO LTD,flywheel pin press fit machine,24-MPS-1,A4,MACHINE ASSEMBLY DRAWINGS,,30011_kk.pdf,,24-MPS-1-851,@
KAT-4054,13451-24081 90250-08120 13451-15111 90250-08120,MAIN ASSEMBLY,EL-5030,,GIKEN INDUSTRIAL CO LTD,flywheel pin press fit machine,24-MPS-1,A4,MACHINE ASSEMBLY DRAWINGS,,30011_kk.pdf,,24-MPS-1-852,@
KAT-4054,13451-24081 90250-08120 13451-15111 90250-08120,MAIN ASSEMBLY,EL-5030,,GIKEN INDUSTRIAL CO LTD,flywheel pin press fit machine,24-MPS-1,A4,AIR CIRCUIT,,40001_ot.pdf,,24-MPS-1-801,@
KAT-4054,13451-24081 90250-08120 13451-15111 90250-08120,MAIN ASSEMBLY,EL-5030,,GIKEN INDUSTRIAL CO LTD,flywheel pin press fit machine,24-MPS-1,A4,CYCLE DIAGRAM,,40002_ot.pdf,,24-MPS-1-821,@
KAT-4054,13451-24081 90250-08120 13451-15111 90250-08120,MAIN ASSEMBLY,EL-5030,,GIKEN INDUSTRIAL CO LTD,flywheel pin press fit machine,24-MPS-1,A4,DEVICE LAYOUT DRAWING,,40003_ot.pdf,,24-MPS-1,@
KAT-4054,13451-24081 90250-08120 13451-15111 90250-08120,MAIN ASSEMBLY,EL-5030,,GIKEN INDUSTRIAL CO LTD,flywheel pin press fit machine,24-MPS-1,A4,Guide bush,,50000_ot.pdf,,07-MPS-3-1008,@
KAT-4054,13451-24081 90250-08120 13451-15111 90250-08120,MAIN ASSEMBLY,EL-5030,,GIKEN INDUSTRIAL CO LTD,flywheel pin press fit machine,24-MPS-1,A4,Spring,,50001_ot.pdf,,08-MPS-2-1005,@
KAT-4054,13451-24081 90250-08120 13451-15111 90250-08120,MAIN ASSEMBLY,EL-5030,,GIKEN INDUSTRIAL CO LTD,flywheel pin press fit machine,24-MPS-1,A4,Guide bush,,50002_ot.pdf,,08-MPS-2-1016,@
KAT-4054,13451-24081 90250-08120 13451-15111 90250-08120,MAIN ASSEMBLY,EL-5030,,GIKEN INDUSTRIAL CO LTD,flywheel pin press fit machine,24-MPS-1,A4,Chute,,50003_ot.pdf,,08-MPS-2-1022,@
KAT-4054,13451-24081 90250-08120 13451-15111 90250-08120,MAIN ASSEMBLY,EL-5030,,GIKEN INDUSTRIAL CO LTD,flywheel pin press fit machine,24-MPS-1,A4,Clamper,,50004_ot.pdf,,10-MPS-3K-1001,@
KAT-4054,13451-24081 90250-08120 13451-15111 90250-08120,MAIN ASSEMBLY,EL-5030,,GIKEN INDUSTRIAL CO LTD,flywheel pin press fit machine,24-MPS-1,A4,Receiving window,,50005_ot.pdf,,10-MPS-3K-1012,@
KAT-4054,13451-24081 90250-08120 13451-15111 90250-08120,MAIN ASSEMBLY,EL-5030,,GIKEN INDUSTRIAL CO LTD,flywheel pin press fit machine,24-MPS-1,A4,Locate center,,50006_ot.pdf,,10-MPS-3K-3003,@
KAT-4054,13451-24081 90250-08120 13451-15111 90250-08120,MAIN ASSEMBLY,EL-5030,,GIKEN INDUSTRIAL CO LTD,flywheel pin press fit machine,24-MPS-1,A4,Positioning pin,,50007_ot.pdf,,18-MPS-1-3001,@
KAT-4054,13451-24081 90250-08120 13451-15111 90250-08120,MAIN ASSEMBLY,EL-5030,,GIKEN INDUSTRIAL CO LTD,flywheel pin press fit machine,24-MPS-1,A4,Positioning pin,,50008_ot.pdf,,18-MPS-1-3002,@
KAT-4054,13451-24081 90250-08120 13451-15111 90250-08120,MAIN ASSEMBLY,EL-5030,,GIKEN INDUSTRIAL CO LTD,flywheel pin press fit machine,24-MPS-1,A4,Spur gear,,50009_ot.pdf,,22-MPS-2-2306,@
KAT-4054,13451-24081 90250-08120 13451-15111 90250-08120,MAIN ASSEMBLY,EL-5030,,GIKEN INDUSTRIAL CO LTD,flywheel pin press fit machine,24-MPS-1,A4,Ring,,50010_ot.pdf,,22-MPS-2-2309,@
KAT-4054,13451-24081 90250-08120 13451-15111 90250-08120,MAIN ASSEMBLY,EL-5030,,GIKEN INDUSTRIAL CO LTD,flywheel pin press fit machine,24-MPS-1,A4,Spring,,50011_ot.pdf,,22-MPS-2-2316,@
KAT-4054,13451-24081 90250-08120 13451-15111 90250-08120,MAIN ASSEMBLY,EL-5030,,GIKEN INDUSTRIAL CO LTD,flywheel pin press fit machine,24-MPS-1,A4,Spring,,50012_ot.pdf,,24-MPS-1-2004,@
KAT-4054,13451-24081 90250-08120 13451-15111 90250-08120,MAIN ASSEMBLY,EL-5030,,GIKEN INDUSTRIAL CO LTD,flywheel pin press fit machine,24-MPS-1,A4,Pad,,50013_ot.pdf,,24-MPS-1-2511,@
KAT-4054,13451-24081 90250-08120 13451-15111 90250-08120,MAIN ASSEMBLY,EL-5030,,GIKEN INDUSTRIAL CO LTD,flywheel pin press fit machine,24-MPS-1,A4,Pin,,50014_ot.pdf,,24-MPS-1-2605,@
KAT-4054,13451-24081 90250-08120 13451-15111 90250-08120,MAIN ASSEMBLY,EL-5030,,GIKEN INDUSTRIAL CO LTD,flywheel pin press fit machine,24-MPS-1,A4,Rack,,50015_ot.pdf,,24-MPS-1-2702,@
KAT-4054,13451-24081 90250-08120 13451-15111 90250-08120,MAIN ASSEMBLY,EL-5030,,GIKEN INDUSTRIAL CO LTD,flywheel pin press fit machine,24-MPS-1,A4,Rack gear additional engineering drawings,,50016_ot.pdf,,24-MPS-1-3002,@
KAT-4054,13451-24081 90250-08120 13451-15111 90250-08120,MAIN ASSEMBLY,EL-5030,,GIKEN INDUSTRIAL CO LTD,flywheel pin press fit machine,24-MPS-1,A4,Press fit pin,,60000_t.pdf,,08-MPS-2-1003,@
