P1-V004,NORMALLY ON,DM1,V04
P1-V006,1 SCAN ON,DM1,V06
P1-V04E,I/0 MODULE FAULT COMMAND,DM1,V4E
P1-X027,LIGHT CURTAIN LIGHT RECEIVED ^(2CH),DM1,R13MB
P1-X016,POWER SUPPLY OFF CHECK (SINGLE),DM1,R2MF
P1-X005,,DM1,R17MB
P1-X028,(RESERVE),DM1,R4MF
P1-X006,OPERATION PREPARATION PUSHBUTTON,DM1,R1X
P1-X029,(RESERVE),DM1,R5MF
P1-X018,AIR MASTER VALVE1 POSITION ^WATCH OPENED (1'st SYSTEM),DM1,R159MA
P1-X007,SINGLE RUNNING VALID,DM1,R14X
P1-X019,AIR MASTER VALVE1 POSITION ^WATCH OPENED (2'st SYSTEM),DM1,R159MB
P1-X008,LIGHT CURTAIN LIGHT RECEIVED ^(1CH)(OPERATOR),DM1,R3MA
P1-X009,LIGHT CURTAIN LIGHT RECEIVED ^(2CH)(OPERATOR),DM1,R3MB
P1-X020,AIR MASTER VALVE 3 POSITION ^WATCH OPENED (1'st SYSTEM),DM1,R259MA
P1-X021,AIR MASTER VALVE 3 POSITION ^WATCH OPENED (2'nd SYSTEM),DM1,R259MB
P1-X01A,AIR MASTER VALVE2 POSITION ^WATCH OPENED (1'st SYSTEM),DM1,R169MA
P1-X010,ELEC.LOCK DOOR SW1 CLOSED CONFIRM^(TO SAFETY PLC INPUT 1'st SYSTEM),DM1,R118MA
P1-X00A,MASTER ON 1/2,DM1,W1MA
P1-X01B,AIR MASTER VALVE2 POSITION ^WATCH OPENED (2'st SYSTEM),DM1,R169MB
P1-X011,ELEC.LOCK DOOR SW1 CLOSED CONFIRM^(TO SAFETY PLC INPUT 2'nd SYSTEM),DM1,R118MB
P1-X000,EMRG.STOP PUSHBUTTON 1^ (1'st SYSTEM),DM1,R16MA
P1-X00B,MASTER ON 2/2,DM1,W1MB
P1-X01C,POWER SUPPLY 1 OFF CHECK ^(1'st SYSTEM),DM1,R2MFA
P1-X001,EMRG.STOP PUSHBUTTON 1^ (2'nd SYSTEM),DM1,R16MB
P1-X002,(SPARE),DM1,W10MA
P1-X00C,POWER SUPPLY (1'st SYSTEM),DM1,W2MA
P1-X024,AIR MASTER VALVE 4 POSITION ^WATCH OPENED (1'st SYSTEM),DM1,R269MA
P1-X01D,POWER SUPPLY 1 OFF CHECK ^(2'nd SYSTEM),DM1,R2MFB
P1-X003,(SPARE),DM1,W10MB
P1-X00D,POWER SUPPLY (2'nd SYSTEM),DM1,W2MB
P1-X025,AIR MASTER VALVE 4 POSITION ^WATCH OPENED (2'nd SYSTEM),DM1,R269MB
P1-X01E,MASTER ON OFF CHECK^(1'st SYSTEM),DM1,R1MFA
P1-X014,MASTER ON OFF CHECK (SINGLE),DM1,R1MF
P1-X026,LIGHT CURTAIN LIGHT RECEIVED ^(1CH),DM1,R13MA
P1-X01F,MASTER ON OFF CHECK^(2'nd SYSTEM),DM1,R1MFB
P1-X004,,DM1,R17MA
P1-M02A,SHADING STOP (OPERATOR),DM1,D24
P1-M020,PRIMARY POWER COMMAND,DM1,D20
P1-M042,DOOR CLOSE,,
P1-M043,DOOR CLOSE 1,DM1,D42
P1-M02B,SHADING STOP (PARTITION),DM1,D25
P1-M021,MASTER ON CONDITION,DM1,D21
P1-M011,EMERGENCY STOP BUTTON,DM1,D11
P1-M001,EMRGENCY STOP,DM1,D1
P1-M002,PROTECTION STOP,DM1,D2
P1-M003,MASTER ON OFF CONF.,DM1,D3
P1-M004,POWER SUPPLY OFF CONF.,DM1,D4
P1-M028,LIGHT CURTAIN LIGHT RECEIVED^(OPERATOR),DM1,D22
P1-M029,LIGHT CURTAIN LIGHT RECEIVED^(PARTITION),DM1,D23
P1-F0001,LIBRARY END,DM1,
EL007A,(SPARE),DM1,WD123
EL0070,AIR MASTER VALVE 1 POS.^MONITOR INPUT UNMATCH,DM1,WD113
EL0109,COMPLETED OF PRE-START^ALARM DEVICE(RESERVE),DM1,RD10
EL007B,(SPARE),DM1,WD124
EL0071,AIR MASTER VALVE 2 POS.^MONITOR INPUT UNMATCH,DM1,WD114
EL007C,(SPARE),DM1,WD125
EL0072,AIR MASTER VALVE 3 POS.^MONITOR INPUT UNMATCH,DM1,WD115
EL005A,(SPARE),DM1,WD91
EL0050,DOOR SWITCH 1 INPUT UNMATCH ^(RESERVE),DM1,WD81
EL007D,(SPARE),DM1,WD126
EL0073,AIR MASTER VALVE 4 POS.^MONITOR INPUT UNMATCH,DM1,WD116
EL005B,(SPARE),DM1,WD92
EL0051,DOOR SWITCH 2 INPUT UNMATCH^(RESERVE),DM1,WD82
EL004A,POWER SUPPLY(2'nd SYSTEM),DM1,WD75
EL0040,READ BACK FAULT(MASTER ON),DM1,WD65
EL007E,(SPARE),DM1,WD127
EL0074,AIR MASTER VALVE 5 POS.^MONITOR INPUT UNMATCH(RESERVE),DM1,WD117
EL005C,(SPARE),DM1,WD93
EL0052,DOOR SWITCH 3 INPUT UNMATCH^(RESERVE),DM1,WD83
EL004B,(SPARE),DM1,WD76
EL0041,POWER SUPPLY LEAD BACK FAULT^(RESERVE),DM1,WD66
EL003A,(SPARE),DM1,WD59
EL0030,MAIN I/O MODULE FAULT,DM1,WD49
EL007F,(SPARE),DM1,WD128
EL0075,AIR MASTER VALVE 6 POS.^MONITOR INPUT UNMATCH(RESERVE),DM1,WD118
EL005D,(SPARE),DM1,WD94
EL0053,DOOR SWITCH 4 INPUT UNMATCH^(RESERVE),DM1,WD84
EL0042,(SPARE),DM1,WD67
EL003B,(SPARE),DM1,WD60
EL004C,OUTPUT STOP,DM1,WD77
EL0031,SAFETY PLC BATTERY LOW,DM1,WD50
EL013A,(SPARE),DM1,RD59
EL0130,CONF.TO AIR PRESSURE,DM1,RD49
EL0076,(SPARE),DM1,WD119
EL005E,(SPARE),DM1,WD95
EL0054,DOOR SWITCH 5 INPUT UNMATCH^(RESERVE),DM1,WD85
EL004D,POWER SUPPLY LEAD BACK NORMAL,DM1,WD78
EL0043,(SPARE),DM1,WD68
EL003C,(SPARE),DM1,WD61
EL0032,(SPARE),DM1,WD51
EL001A,SUB EMERGENCY STOP BUTTON 1 ON^(RESERVE),DM1,WD27
EL0010,MASTER ON BUTTON,DM1,WD17
EL013B,(SPARE),DM1,RD60
EL0131,ALL HOME POSITION,DM1,RD50
EL012A,(SPARE),DM1,RD43
EL0120,LINK FAULT,DM1,RD33
EL00AA,(SPARE),DM1,WD171
EL0077,(SPARE),DM1,WD120
EL005F,(SPARE),DM1,WD96
EL0055,DOOR SWITCH 6 INPUT UNMATCH^(RESERVE),DM1,WD86
EL0044,SECTION1 POWER SUPPLY^LEAD BACK FAULT(RESERVE),DM1,WD69
EL003D,(SPARE),DM1,WD62
EL0033,(SPARE),DM1,WD52
EL001B,SUB EMERGENCY STOP BUTTON 2 ON^(RESERVE),DM1,WD28
EL0011,(SPARE),DM1,WD18
EL000A,SERVO POWER SUPPLY,DM1,WD11
EL00A0,DOOR OPEN1(SSW1),DM1,WD161
EL004E,POWER SUPPLY LEAD BACK FAULT,DM1,WD79
EL0000,MASTER ON,DM1,WD1
EL013C,(SPARE),DM1,RD61
EL0132,CHANGE STOP TO ENABLE POS.^(RESERVE),DM1,RD51
EL012B,(SPARE),DM1,RD44
EL0121,AIR PRESSURE LOW,DM1,RD34
EL011A,(SPARE),DM1,RD27
EL0110,MAIN OP.PANEL CONT.SELECTION,DM1,RD17
EL00AB,(SPARE),DM1,WD172
EL00A1,DOOR SWITCH 2 OPEN,DM1,WD162
EL0078,(SPARE),DM1,WD121
EL0056,DOOR SWITCH 7 INPUT UNMATCH^(RESERVE),DM1,WD87
EL004F,(SPARE),DM1,WD80
EL0045,SECTION2 POWER SUPPLY^LEAD BACK FAULT(RESERVE),DM1,WD70
EL003E,(SPARE),DM1,WD63
EL0034,(SPARE),DM1,WD53
EL001C,SUB EMERGENCY STOP BUTTON 3 ON^(RESERVE),DM1,WD29
EL0012,(SPARE),DM1,WD19
EL000B,(SPARE),DM1,WD12
EL00CD,POWER SUPPLY OFF,DM1,WD206
EL0001,POWER SUPPLY,DM1,WD2
EL013D,(SPARE),DM1,RD62
EL0133,POWER-SAVING ON,DM1,RD52
EL012C,(SPARE),DM1,RD45
EL0122,(SPARE),DM1,RD35
EL011B,(SPARE),DM1,RD28
EL0111,MAIN OP.PANEL MAN.SELECTION,DM1,RD18
EL010A,(SPARE),DM1,RD11
EL0100,MASTER ON CONDITION^(EMERGENCY STOP at OFF),DM1,RD1
EL00AC,(SPARE),DM1,WD173
EL00A2,DOOR SWITCH 3 OPEN,DM1,WD163
EL0079,(SPARE),DM1,WD122
EL0057,DOOR SWITCH 8 INPUT UNMATCH^(RESERVE),DM1,WD88
EL0046,(SPARE),DM1,WD71
EL003F,(SPARE),DM1,WD64
EL0035,(SPARE),DM1,WD54
EL001D,SUB EMERGENCY STOP BUTTON 4 ON^(RESERVE),DM1,WD30
EL0013,SINGLE RUNNING VALID,DM1,WD20
EL000C,LIGHT CURTAIN LIGHT RECEIVED^PARTITION,DM1,WD13
EL0002,LIGHT CURTAIN LIGHT RECEIVED^OPERATOR,DM1,WD3
EL013E,(SPARE),DM1,RD63
EL0134,CONT.RUNING,DM1,RD53
EL012D,(SPARE),DM1,RD46
EL0123,(SPARE),DM1,RD36
EL011C,(SPARE),DM1,RD29
EL0112,(SPARE),DM1,RD19
EL010B,(SPARE),DM1,RD12
EL0101,POWER SUPPLY CONDITIONS^(PROTECTION STOP CONDITION),DM1,RD2
EL00AD,(SPARE),DM1,WD174
EL00A3,DOOR SWITCH 4 OPEN,DM1,WD164
EL0058,DOOR SWITCH 8 INPUT UNMATCH^(RESERVE),DM1,WD89
EL0047,(SPARE),DM1,WD72
EL0036,(SPARE),DM1,WD55
EL001E,SUB EMERGENCY STOP BUTTON 5 ON^(RESERVE),DM1,WD31
EL0014,(SPARE),DM1,WD21
EL000D,(SPARE),DM1,WD14
EL013F,(SPARE),DM1,RD64
EL0135,POWER SUPPLY COMMAND,DM1,RD54
EL012E,(SPARE),DM1,RD47
EL0124,(SPARE),DM1,RD37
EL011D,(SPARE),DM1,RD30
EL0113,(SPARE),DM1,RD20
EL010C,(SPARE),DM1,RD13
EL0102,(SPARE),DM1,RD3
EL0003,DOOR OPEN,DM1,WD4
EL00AE,(SPARE),DM1,WD175
EL00A4,DOOR SWITCH 5 OPEN,DM1,WD165
EL0059,(SPARE),DM1,WD90
EL0048,(SPARE),DM1,WD73
EL0037,(SPARE),DM1,WD56
EL001F,SUB EMERGENCY STOP BUTTON 6 ON^(RESERVE),DM1,WD32
EL0015,(SPARE),DM1,WD22
EL000E,(SPARE),DM1,WD15
EL0004,SECTION1 POWER SUPPLY^(RESERVE),DM1,WD5
EL0136,SECTION2 POWER SUPPLY^OFF COMMAND (RESERVE),DM1,RD55
EL012F,(SPARE),DM1,RD48
EL0125,(SPARE),DM1,RD38
EL011E,(SPARE),DM1,RD31
EL0114,(SPARE),DM1,RD21
EL010D,(SPARE),DM1,RD14
EL0103,(SPARE),DM1,RD4
EL00AF,(SPARE),DM1,WD176
EL00A5,DOOR SWITCH 6 OPEN,DM1,WD166
EL0049,POWER SUPPLY(1'st SYSTEM),DM1,WD74
EL0038,(SPARE),DM1,WD57
EL0016,(SPARE),DM1,WD23
EL000F,(SPARE),DM1,WD16
EL0005,SECTION2 POWER SUPPLY^(RESERVE),DM1,WD6
EL0137,(SPARE),DM1,RD56
EL0126,(SPARE),DM1,RD39
EL011F,MASTER ON COMMAND(FOR ADJUST),DM1,RD32
EL0115,(SPARE),DM1,RD22
EL010E,(SPARE),DM1,RD15
EL0104,(SPARE),DM1,RD5
EL00A6,DOOR SWITCH 7 OPEN,DM1,WD167
EL0039,(SPARE),DM1,WD58
EL0017,(SPARE),DM1,WD24
EL0006,(SPARE),DM1,WD7
EL0138,(SPARE),DM1,RD57
EL0127,(SPARE),DM1,RD40
EL0116,(SPARE),DM1,RD23
EL010F,BACKUP ON,DM1,RD16
EL0105,(SPARE),DM1,RD6
EL00A7,DOOR SWITCH 8 OPEN,DM1,WD168
EL0007,(SPARE),DM1,WD8
EL0018,EMERGENCY STOP BUTTON MOVE^(SOMETHING),DM1,WD25
EL0139,EMERGENCY STOP CONDITION,DM1,RD58
EL0128,(SPARE),DM1,RD41
EL0117,(SPARE),DM1,RD24
EL0106,(SPARE),DM1,RD7
EL0008,(SPARE),DM1,WD9
EL0019,EMERGENCY STOP BUTTON MOVE^(MAIN OP.PANEL),DM1,WD26
EL00A8,SHADING STOP,DM1,WD169
EL0129,(SPARE),DM1,RD42
EL0118,BATTERY FAULT CONF. ^/ COMMUNICATION FAULT RESET,DM1,RD25
EL0107,(SPARE),DM1,RD8
EL00A9,(SPARE),DM1,WD170
EL0009,(SPARE),DM1,WD10
EL0119,FAULT RESET(MANU.OP.),DM1,RD26
EL0108,ALL PLC RUN,DM1,RD9
