P1-K286,3rd LAMP ON (W),S1,WD231
P1-K232,PRESS OVER RUN,S1,L232K
P1-K22E,RESERVE,S1,L234KX
P1-K224,RESERVE,S1,L224K
P1-K21C,RESERVE,S1,L222KX
P1-K218,SOCKET CHANGE STOP,S1,L218K
P1-K20E,RESERVE,S1,L214KX
P1-K202,CONTROLLER BATTELY FAULT,S1,L202K
P1-K037,PIN PRESS COMP.SET,1,L37K
P1-K287,3rd LAMP ON (G),S1,WD232
P1-K231,RESERVE,S1,L231K
P1-K22F,PRESS ACTION FAULT,S1,L235KX
P1-K225,WORK CLAMP ADVANCE RETURN FAULT,S1,L225K
P1-K21B,RESERVE,S1,L221KX
P1-K203,PLC BATTELY FAULT,S1,L203K
P1-K254,ADJUST DISPLAY INDICATION,S1,L254K
P1-K284,2nd LAMP ON (G),S1,WD229
P1-K230,M/C STOPPER OPEN AND CLOSE FAULT,S1,L230K
P1-K226,INDEX LOCK UNLOCK FAULT,S1,L226K
P1-K200,PRESSURE DOWN FAULT,S1,L200K
P1-K285,2nd LAMP ON (R),S1,WD230
P1-K227,INDEX ADVANCE RETURN FAULT,S1,L227K
P1-K201,LINK FAULT,S1,L201K
P1-K039,PRESS PIN CONF.,1,L39K
P1-K22A,RESERVE,S1,L230KX
P1-K220,RESERVE,S1,L220K
P1-K215,RESERVE,S1,L215K
P1-K206,GSP FAULT,S1,L206K
P1-K013,PIN PRESS FINISH(FIRST),1,L13K
P1-K038,PIN PRESS CYCLE STOP,1,L38K
P1-K22B,RESERVE,S1,L231KX
P1-K221,RESERVE,S1,L221K
P1-K214,RESERVE,S1,L214K
P1-K207,GSP ZERO GAIN FAULT,S1,L207K
P1-K22C,RESERVE,S1,L232KX
P1-K222,RESERVE,S1,L222K
P1-K217,QUALITY CHECK STOP,S1,L217K
P1-K204,RESERVE,S1,L204K
P1-K011,PRESS NG,1,L11K
P1-K288,3rd LAMP ON (R),S1,WD233
P1-K223,RESERVE,S1,L223K
P1-K216,RESERVE,S1,L216K
P1-K205,RESERVE,S1,L205K
P1-K010,PRESS OK,1,L10K
P1-K211,RESERVE,S1,L211K
P1-K026,PRESS RETURN STOP,1,L26K
P1-K210,RESERVE,S1,L210K
P1-K23F,RESERVE,S1,L245KX
P1-K239,START FAULT(NO PIN),S1,L239K
P1-K213,RESERVE,S1,L213K
P1-K20B,CENTER PIN CONF.FAULT,S1,L211KX
P1-K208,PART LIFT FAULT,S1,L208K
P1-K015,PIN PRESS FINISH(THIRD),1,L15K
P1-K040,PIN SET COMP.,1,L40K
P1-K024,PRESS RETURN OK,1,L24K
P1-K23E,RESERVE,S1,L244KX
P1-K238,RESERVE,S1,L238K
P1-K21E,PRESS CYCLE STOP,S1,L224KX
P1-K212,RESERVE,S1,L212K
P1-K20C,CENTER PIN CONF.LS FAULT,S1,L212KX
P1-K209,LIFT PART LS FAULT,S1,L209K
P1-K014,PIN PRESS FINISH(SECOND),1,L14K
P1-K031,PIN PRESS NG(FIRST),1,L31K
P1-K025,PRESS RETURN NG,1,L25K
P1-K23D,RESERVE,S1,L243KX
P1-K237,START FAULT(LIGHT CURTAIN),S1,L237K
P1-K21D,PRESS NG,S1,L223KX
P1-K030,PIN PRESS OK(FIRST),1,L30K
P1-K022,PRESS CYCLE NG(TO PIN SET ^ADVANCE POSITION),1,L22K
P1-K282,1sp LAMP ON (R),S1,WD227
P1-K23C,RESERVE,S1,L242KX
P1-K236,START FAULT(PART CONF.),S1,L236K
P1-K228,RESERVE,S1,L228K
P1-K20A,RESERVE,S1,L210KX
P1-K251,MANUAL DISPLAY INDICATION,S1,L251K
P1-K023,PRESS CYCLE STOP(TO PIN SET ^ADVANCE POSITION),1,L23K
P1-K033,PIN PRESS NG(SECOND),1,L33K
P1-K283,2nd LAMP ON (W),S1,WD228
P1-K250,MENU DISPLAY INDICATION,S1,L250K
P1-K23B,RESERVE,S1,L241KX
P1-K235,RESERVE,S1,L235K
P1-K229,RESERVE,S1,L229K
P1-K21F,LIGHT CURTAIN BROKEN FAULT,S1,L225KX
P1-K20F,RESERVE,S1,L215KX
P1-K020,ALL PIN PRESS COMP. ,1,L20K
P1-K032,PIN PRESS OK(SECOND),1,L32K
P1-K280,1st LAMP ON (W),S1,WD225
P1-K253,FAULT DISPLAY INDICATION,S1,L253K
P1-K23A,START FAULT(JUDGEMENT EXIST),S1,L240KX
P1-K234,INDEX STOPPER FAULT,S1,L234K
P1-K21A,RESERVE,S1,L220KX
P1-K021,PRESS CYCLE OK(TO PIN SET ^ADVANCE POSITION),1,L21K
P1-K035,PIN PRESS NG(THIRD),1,L35K
P1-K281,1st LAMP ON (G),S1,WD226
P1-K252,RUN DISPLAY INDICATION,S1,L252K
P1-K233,PIN SET FAULT,S1,L233K
P1-K22D,CLAMPER UP DOWN FAULT,S1,L233KX
P1-K219,RESERVE,S1,L219K
P1-K20D,RESERVE,S1,L213KX
P1-K034,PIN PRESS OK(THIRD),1,L34K
P1-V084,LINK1-5 COMMUNICATION RESET,P1,DSV84
P1-V0F0,BATTERY ERROR,P1,DSVF0
P1-V0AE,LINK1-4 COMMUNICATION ERROR,P1,DSVAE
P1-V0A2,LINK1-1 COMMUNICATION ERROR,P1,DSVA2
P1-V083,LINK1-4 COMMUNICATION RESET,P1,DSV83
P1-V0B6,LINK1-6 COMMUNICATION ERROR,P1,DSVB6
P1-V082,LINK1-3 COMMUNICATION RESET,P1,DSV82
P1-V0B1,LINK1-5 PARAMETER ERROR,P1,DSVB1
P1-V027,RUN,P1,DSV27
P1-V081,LINK1-2 COMMUNICATION RESET,P1,DSV81
P1-V080,LINK1-1 COMMUNICATION RESET,P1,DSV80
P1-V0AA,LINK1-3 COMMUNICATION ERROR,P1,DSVAA
P1-V0B2,LINK1-5 COMMUNICATION ERROR,P1,DSVB2
P1-V0A9,LINK1-3 PARAMETER ERROR,P1,DSVA9
P1-V074,60SEC CLOCK,P1,DSV74
P1-V006,1ST SCAN,P1,DSV6
P1-V072,1SEC CLOCK,P1,DSV72
P1-V005,NORMALLY OFF,P1,DSV5
P1-V073,2SEC CLOCK,P1,DSV73
P1-V004,NORMALLY ON,P1,DSV4
P1-V0BE,LINK1-8 COMMUNICATION ERROR,P1,DSVBE
P1-V0A5,LINK1-2 PARAMETER ERROR,P1,DSVA5
P1-V070,0.1SEC CLOCK,P1,DSV70
P1-V0A6,LINK1-2 COMMUNICATION ERROR,P1,DSVA6
P1-V071,0.2SEC CLOCK,P1,DSV71
P1-V0BA,LINK1-7 COMMUNICATION ERROR,P1,DSVBA
P1-V0AD,LINK1-4 PARAMETER ERROR,P1,DSVAD
P1-V0A1,LINK1-1 PARAMETER ERROR,P1,DSVA1
P1-T1FC,CYCLE TIMER13,S1,T172X
P1-T1F9,CYCLE TIMER10,S1,T169
P1-T069,INDEX RETURN CONDITION,1,T69
P1-T042,PRESS PIN CONF.,1,T42
P1-T001,ALL JUDGEMENT OFF,1,T01
P1-T178,PRESS CYCLE STOP(TO PIN SET ^ADVANCE POSITION),1,T178
P1-T18A,PRESS RETURN CYCLE CONF.(GSP),1,T190X
P1-T068,INDEX ADVANCE CONDITION,1,T68
P1-T045,LOADING STOPPER OPENED,1,T45P
P1-T01C,Operation enable conf.,M1,T22X
P1-T103,DRY INTERVAL,NT1,T103
P1-T18B,PRESS RETURN CYCLE STOP,1,T191X
P1-T185,PRESS CYCLE(GSP)CONDITION 1,1,T185
P1-T000,SATE. OFF TIMER,P1,T00
P1-T1FA,CYCLE TIMER11,S1,T170X
P1-T1F6,CYCLE TIMER7,S1,T166
P1-T03A,PIN SET RETURNED,1,T40XP
P1-T044,LOADING STOPPER CLOSED,1,T44P
P1-T186,PRESS CYCLE(GSP)CONDITION 2,1,T186
P1-T18C,PRESS RETURN CYCLE FINISH OK,1,T192X
P1-T003,GSP Battery fault,L1,T03
P1-T1F7,CYCLE TIMER8,S1,T167
P1-T01A,START FAULT(AUTO. START OFF ^CHECK),M1,T20X
P1-T010,MASTER ON CONF. ,L1,T10
P1-T047,CARRYING OUT ADVANCED,1,T47
P1-T03B,CLAMPER RAISED,1,T41XP
P1-T002,N/R FAULT,M1,T02
P1-T187,PRESS CYCLE CONF.(GSP),1,T187
P1-T1F4,CYCLE TIMER5,S1,T164
P1-T046,CARRYING OUT RETURNED,1,T46
P1-T027,CYCLE FAULT(CARRYING OUT),1,T27
P1-T011,MASTER ON OFF CONF.,L1,T11
P1-T180,PRESS HOME POSITION,1,T180
P1-T01F,MASTER ON CONF.(NOT ORIGIN),1,T25X
P1-T03C,CLAMPER LOWERED,1,T42XP
P1-T1F5,CYCLE TIMER6,S1,T165
P1-T080,CLAMPER END LOCK OPEN,1,T80
P1-T026,CYCLE FAULT(LOADING STOPPER),1,T26
P1-T038,INDEX STOPPER ADVANCED,1,T38P
P1-T181,PIN SET ADVANCE POSITION ^COMMAND(FROM GSP),1,T181
P1-T1F2,CYCLE TIMER3,S1,T162
P1-T025,CYCLE FAULT(PIN SET),1,T25
P1-T039,PIN SET ADVANCED,1,T39P
P1-T1F3,CYCLE TIMER4,S1,T163
P1-T063,CLAMPER UP CONDITION,1,T63
P1-T024,CYCLE FAULT(INDEX UNIT),1,T24
P1-T108,DRY FINISH RESET COF.,NT1,T108
P1-T171,M/C ORIGIN START NG OFF,1,T171
P1-T16F,PROGRAM SELECT COMP.(GSP),L1,T165X
P1-T1F0,CYCLE TIMER1,S1,T160
P1-T062,CLAMPER DOWN CONDITION,1,T62
P1-T023,CYCLE FAULT(INDEX STOPPER),1,T23
P1-T02F,PART SET CONF. FAULT,1,T35X
P1-T009,Air pressure down,M1,T09
P1-T17A,PRESS CYCLE FINISH NG(TO PIN SET ^ADVANCE POSITION),1,T180X
P1-T1E1,CYCLE TIMER18,S1,T151
P1-T1F1,CYCLE TIMER2,S1,T161
P1-T061,LIFTER UP CONDITION,1,T61
P1-T034,INDEX THIRD POSITION,1,T34P
P1-T022,CYCLE FAULT(LOCATE PIN),1,T22
P1-T02E,NO START WORKING,1,T02E
P1-T173,PRESS M/C ZERO POSITION OK ^MEMO.(JUDGEMENT RESET OFF),1,T173
P1-T16D,ENABLE ON(GSP),L1,T163X
P1-T1E0,CYCLE TIMER17,S1,T150
P1-T060,LIFTER DOWN CONDITION,1,T60
P1-T035,LOCATE PIN OUT END(INDEX),1,T35P
P1-T021,CYCLE FAULT(CLAMPER),1,T21
P1-T113,PRESS M/C ORIGIN START OK MEMO.,1,T113
P1-T172,PRESS M/C ZERO POSITION OK ^MEMO.(JUDGEMENT RESET),1,T172
P1-T16E,ENABLE OFF(GSP),L1,T164X
P1-T160,GSP JUDGMENT OFF,L1,T156X
P1-T198,GSP PRESS JOG.CONF.,1,T198
P1-T036,LOCATE PIN IN END(INDEX),1,T36P
P1-T020,CYCLE FAULT(LIFTER),1,T20
P1-T104,DRY RESET START,NT1,T104
P1-T17B,PRESS CYCLE FINISH RESET OFF(TO ^PIN SET ADVANCE POSITION),1,T181X
P1-T105,DRY RESTART OFF,NT1,T105
P1-T1FF,CYCLE TIMER16,S1,T175X
P1-T019,ALL PRESS COMP.,1,T19
P1-T037,INDEX STOPPER RETURNED,1,T37P
P1-T18D,PRESS RETURN CYCLE FINISH NG,1,T193X
P1-T188,PRESS CYCLE STOP,1,T188
P1-T16C,PROGRAM SELECT START(GSP),L1,T162X
P1-T0B1,POWER SUPPLY,M1,T111
P1-T106,DRY MODE CONF.,NT1,T106
P1-T065,LOCATE PIN(INDEX) OUT END,1,T65
P1-T030,LIFTER RAISED,1,T30P
P1-T189,PRESS CYCLE FINISH,1,T189
P1-T18E,PRESS RETURN CYCLE FINISHRESET ^OFF,1,T194X
P1-T177,LOCATE PIN IN MESUREMENT TIMER,1,T177
P1-T005,ON DELAY TIMER AT POWER ON(20s),P1,T05
P1-T1FD,CYCLE TIMER14,S1,T173X
P1-T064,LOCATE PIN(INDEX) IN CONDITION,1,T64
P1-T03D,PRESS UNIT MID.STOP POSITION,1,T43XP
P1-T088,PIN  FALL DOWN CONF. FAULT,1,T088
P1-T107,DRY FINISH RESET,NT1,T107
P1-T031,LIFTER LOWERED,1,T31P
P1-T176,CYCLE FAULT(GSP) PRESS UNIT,1,T176
P1-T10A,DRY START CONDITION,NT1,T110
P1-T100,DRY COUNTER,NT1,C100
P1-T1FE,CYCLE TIMER15,S1,T174X
P1-T040,UNLOADING CONF.,1,T40
P1-T007,Auto. condition,M1,T07
P1-T032,INDEX FIRST POSITION,1,T32P
P1-T03E,PRESS UNIT HOME POSITION,1,T44XP
P1-T10B,DRY START CONDITION,NT1,T111
P1-T1FB,CYCLE TIMER12,S1,T171X
P1-T1F8,CYCLE TIMER9,S1,T168
P1-T033,INDEX SECOND POSITION,1,T33P
P1-T101,DRY RUN MODE,NT1,T101
P1-T043,PRESS PIN EXISTENCE,1,T43
P1-T03F,PART SET CONF.,1,T45X
P1-T179,PRESS CYCLE FINISH OK(TO PIN SET ^ADVANCE POSITION),1,T179
P1-L00C,PROGRAM BIT5 SELECT,L1,W13
P1-L009,PROGRAM BIT2 SELECT,L1,W10
P1-L024,JUDGEMENT NG,L1,R5
P1-L00B,PROGRAM BIT4 SELECT,L1,W12
P1-L008,PROGRAM BIT1 SELECT,L1,W9
P1-L023,JUDGEMENT OK,L1,R4
P1-L022,BATTERY COUTION,L1,R3
P1-L021,UNIT NORMAL,L1,R2
P1-L020,MASTER ON COMP.,L1,R1
P1-L005,ALARM RESET,L1,W6
P1-L004,JUDGEMENT RESET,L1,W5
P1-L007,IN,L1,W8
P1-L006,INSTRUMENT ORIGIN START,L1,W7
P1-L001,AUTOMATIC,L1,W2
P1-L000,MASTER ON,L1,W1
P1-L003,JOG START,L1,W4
P1-L029,PROGRAM BIT2 SELECT COMP.,L1,R10
P1-L00E,GSP RESET(ALL RESET),L1,W15
P1-L002,PROGRAM START,L1,W3
P1-L02E,RUNNING,L1,R15
P1-L028,PROGRAM BIT1 SELECT COMP.,L1,R9
P1-L02D,OUTPUT ENABLE,L1,R14
P1-L00D,INPUT ENABLE,L1,W14
P1-L02C,PROGRAM BIT5 SELECT COMP.,L1,R13
P1-L027,ATTAIN SIGNAL 3,L1,R8
P1-L038,INSTRUMENT ORIGIN NG,L1,R25
P1-L02B,PROGRAM BIT4 SELECT COMP.,L1,R12
P1-L039,ZERO GAIN NG,L1,R26
P1-L026,ATTAIN SIGNAL 2,L1,R7
P1-L02A,PROGRAM BIT3 SELECT COMP.,L1,R11
P1-L00A,PROGRAM BIT3 SELECT,L1,W11
P1-L025,ATTAIN SIGNAL 1,L1,R6
P1-X670,RESERVE,S1,RD65
P1-X660,UNIT TYPE INPUT MANUAL,S1,RD49
P1-X711,NanoSafety LINK FAULT,S1,WD130
P1-X70B,SIO LINK FAULT,S1,WD124
P1-X612,NO PIN FORECAST,S1,WD83
P1-X605,SAFETY PLC RUNNING ,S1,WD70
P1-X501,LIFTER DOWN,S1,WD34
P1-X40B,INDEX STOPPER RETURN,S1,RD12
P1-X405,LOCATE PIN OUT(INDEX),S1,RD6
P1-X454,LOCATE PIN IN(INDEX),S1,WD5
P1-X022,MANUAL OPERATION ABLE.,M1,W2X
P1-X010,,1,R30P
P1-X621,FAULT RESET,S1,RD34
P1-X671,RESERVE,S1,RD66
P1-X66F,RESERVE,S1,RD64
P1-X663,PRESS MODE JOG,S1,RD52
P1-X710,CMP LINK FAULT,S1,WD129
P1-X70C,START FAULT,S1,WD125
P1-X708,NanoSafety FAULT,S1,WD121
P1-X632,LAMP CHECK,S1,WD99
P1-X613,RESERVE,S1,WD84
P1-X604,SOCKET REPLACEMENT FORECAST,S1,RD69
P1-X502,CLAMPER UP,S1,WD35
P1-X404,LOCATE PIN IN(INDEX),S1,RD5
P1-X455,LOCATE PIN OUT(INDEX),S1,WD6
P1-X011,,1,R31P
P1-X003,MANUAL,M1,R1H
P1-X742,RESERVE,S1,LP163
P1-X739,RESERVE,S1,WD154
P1-X662,PRESS MODE AUTO,S1,RD51
P1-X709,ETHERNET IP LINK FAULT,S1,WD122
P1-X603,QUALITY CHECK FORECAST,S1,WD68
P1-X503,CLAMPER DOWN,S1,WD36
P1-X407,PIN SET ADVANCE,S1,RD8
P1-X791,Quality check stop,S1,WD210
P1-X452,CLAMPER UP,S1,WD3
P1-X020,LIGHT CURTAIN BROKEN,M1,W1X
P1-X002,AUTO,M1,R1A
P1-X00C,BUZZER OFF,M1,R9X
P1-X782,RESERVE,S1,LP195
P1-X743,RESERVE,S1,WD164
P1-X738,RESERVE,S1,WD153
P1-X665,RESERVE,S1,RD54
P1-X712,START FORGET,,
P1-X70A,PRESS UNIT OVER RUN,S1,WD123
P1-X706,CYCLE FAULT,S1,WD119
P1-X630,RESERVE,S1,WD97
P1-X602,AIR PRESSURE,S1,WD67
P1-X406,PIN SET RETURN,S1,RD7
P1-X790,Quality check forecast,S1,WD209
P1-X45F,LOADING STOPPER CLOSE,S1,WD16
P1-X453,CLAMPER DOWN,S1,WD4
P1-X73C,RESERVE,S1,WD157
P1-X622,LAMP CHECK,S1,RD35
P1-X005,N/R CONTROLLER RUN,M1,R2M
P1-X783,RESERVE,S1,WD196
P1-X779,RESERVE,S1,WD186
P1-X73B,JUDGMENT RESET,S1,WD156
P1-X664,RESERVE,S1,RD53
P1-X707,NanoSafety BATTERY FAULT,S1,WD120
P1-X631,FAULT RESET,S1,WD98
P1-X601,GSP RUNNING,S1,WD66
P1-X401,LIFTER DOWN,S1,RD2
P1-X793,Socket1 replase stop,S1,WD212
P1-X450,LIFTER UP,S1,WD1
P1-X740,RESERVE,S1,LP161
P1-X00E,JUDGEMENT RESET,M1,R12X
P1-X780,RESERVE,S1,WD193
P1-X778,RESERVE,S1,WD185
P1-X73A,RESERVE,S1,WD155
P1-X667,RESERVE,S1,RD56
P1-X704,GSP FAULT,S1,WD117
P1-X600,PLC RUNNING,S1,WD65
P1-X400,LIFTER UP,S1,RD1
P1-X792,Socket1 replase forecast,S1,LP211
P1-X45D,PRESS ORIGIN RETURN,S1,WD14
P1-X451,LIFTER DOWN,S1,WD2
P1-X741,RESERVE,S1,WD162
P1-X025,BUZZER,M1,W8X
P1-X007,EXECUTE,M1,R4X
P1-X461,CARRYING OUT RET,S1,WD18
P1-X00D,BATTERY FAULT ^CONF./COMMUNICATION FAULT RESET,M1,R10X
P1-X781,RESERVE,S1,WD194
P1-X666,RESERVE,S1,RD55
P1-X705,ZERO GAIN FAULT,S1,WD118
P1-X60F,RESERVE,S1,WD80
P1-X403,CLAMPER DOWN,S1,RD4
P1-X795,Socket2 replase stop,S1,WD214
P1-X45E,LOADING STOPPER OPEN,S1,WD15
P1-X024,RUNNING,M1,W1P
P1-X006,AIR PRESSURE,M1,R1W
P1-X460,CARRYING OUT ADV,S1,WD17
P1-X777,RESERVE,S1,WD184
P1-X669,RESERVE,S1,RD58
P1-X702,GSP BATTERY FAULT,S1,WD115
P1-X60E,RESERVE,S1,WD79
P1-X50D,PRESS ORIGIN RETURN,S1,WD46
P1-X410,CARRYING OUT ADV,S1,RD17
P1-X402,CLAMPER UP,S1,RD3
P1-X794,Socket2 replase forecast,S1,WD213
P1-X45B,INDEX STOPPER RETURN,S1,WD12
P1-X00F,DRY RUN(ENDURANCE RUN),NT1,R1X
P1-X776,RESERVE,S1,WD183
P1-X73F,RESERVE,S1,WD160
P1-X668,RESERVE,S1,RD57
P1-X703,DEVICE NET LINK FAULT,S1,WD116
P1-X60D,RESERVE,S1,WD78
P1-X50E,LOADING STOPPER OPEN,S1,WD47
P1-X508,INDEX UNIT ADVANCE,S1,WD41
P1-X411,CARRYING OUT RET,S1,RD18
P1-X797,Socket3 replase stop,S1,WD216
P1-X45C,PRESS CYCLE,S1,WD13
P1-X733,PRESS MODE JOG,S1,WD148
P1-X008,FORCIBLE NG COMP.SET,M1,R5X
P1-X77F,RESERVE,S1,WD192
P1-X775,RESERVE,S1,WD182
P1-X73E,RESERVE,S1,WD159
P1-X700,AIR PRESSURE DOWN,S1,WD113
P1-X60C,3st PRESS OVER,S1,WD77
P1-X50F,LOADING STOPPER CLOSE,S1,WD48
P1-X509,INDEX UNIT RETURN,S1,WD42
P1-X796,Socket3 replase forecast,S1,WD215
P1-X018,AUTO. START,1,R1G
P1-X732,PRESS MODE AUTO,S1,LP147
P1-X77E,RESERVE,S1,WD191
P1-X774,RESERVE,S1,WD181
P1-X701,PLC BATTERY FAULT,S1,WD114
P1-X60B,2st PRESS OVER,S1,WD76
P1-X40E,LOADING STOPPER OPEN,S1,RD15
P1-X45A,INDEX STOPPER ADVANCE,S1,WD11
P1-X73D,RESERVE,S1,WD158
P1-X731,UNIT TYPE INPUT AUTO.,S1,WD146
P1-X019,,1,R39P
P1-X77D,RESERVE,S1,WD190
P1-X773,PRESS MODE JOG,S1,WD180
P1-X66A,RESERVE,S1,RD59
P1-X614,RESERVE,S1,RD85
P1-X60A,1st PRESS OVER,S1,WD75
P1-X016,,1,R36P
P1-X40D,PRESS ORIGIN RETURN,S1,RD14
P1-X799,Socket4 replase stop,S1,WD218
P1-X730,UNIT TYPE INPUT MANUAL,S1,WD145
P1-X77C,RESERVE,S1,WD189
P1-X772,PRESS MODE AUTO,S1,LP179
P1-X737,RESERVE,S1,WD152
P1-X615,PIN SET COMP.,S1,WD86
P1-X609,PRESS NG,S1,WD74
P1-X50A,INDEX STOPPER ADVANCE,S1,WD43
P1-X504,LOCATE PIN IN(INDEX),S1,WD37
P1-X409,INDEX UNIT RETURN,S1,RD10
P1-X79A,Socket5 replase forecast,S1,WD219
P1-X798,Socket4 replase forecast,S1,WD217
P1-X458,INDEX UNIT ADVANCE,S1,WD9
P1-X77B,JUDGMENT RESET,S1,WD188
P1-X771,UNIT TYPE INPUT AUTO.,S1,WD178
P1-X736,RESERVE,S1,WD151
P1-X66C,RESERVE,S1,RD61
P1-X70F,M-NET LINK FAULT,S1,WD128
P1-X608,PRESS OK,S1,WD73
P1-X511,CARRYING OUT RET,S1,WD50
P1-X50B,INDEX STOPPER RETURN,S1,WD44
P1-X505,LOCATE PIN OUT(INDEX),S1,WD38
P1-X40F,LOADING STOPPER CLOSE,S1,RD16
P1-X408,INDEX UNIT ADVANCE,S1,RD9
P1-X459,INDEX UNIT RETURN,S1,WD10
P1-X014,,1,R34P
P1-X77A,RESERVE,S1,WD187
P1-X770,UNIT TYPE INPUT MANUAL,S1,WD177
P1-X66B,JUDGMENT RESET,S1,RD60
P1-X510,CARRYING OUT ADV,S1,WD49
P1-X50C,PRESS CYCLE,S1,WD45
P1-X506,PIN SET RETURN,S1,WD39
P1-X40A,INDEX STOPPER ADVANCE,S1,RD11
P1-X735,RESERVE,S1,WD150
P1-X015,,1,R35P
P1-X672,RESERVE,S1,RD67
P1-X66E,RESERVE,S1,RD63
P1-X70D,M0AVR1 OVER LOAD,S1,WD126
P1-X610,RESERVE,S1,WD81
P1-X607,RESERVE,S1,WD72
P1-X507,PIN SET ADVANCE,S1,WD40
P1-X79B,Socket5 replase stop,S1,WD220
P1-X456,PIN SET RETURN,S1,WD7
P1-X734,RESERVE,S1,WD149
P1-X673,RESERVE,S1,RD68
P1-X66D,RESERVE,S1,RD62
P1-X661,UNIT TYPE INPUT AUTO.,S1,RD50
P1-X70E,M0AVR1 DC LOW,S1,WD127
P1-X611,RESERVE,S1,WD82
P1-X606,LIGHT CURTAIN INVALID,S1,WD71
P1-X500,LIFTER UP,S1,WD33
P1-X40C,PRESS CYCLE,S1,RD13
P1-X457,PIN SET ADVANCE,S1,WD8
P1-X023,SYSTEM FAULT,M1,W6X
P1-X001,RETURN,M1,R1B
P1-M403,DRY CYCLE FINISH,NT1,D403
P1-M756,PUSH BUTTON INTERLOCK AUX.37,S1,D756
P1-M7E6,LOADING STOPPER OPEN STOP,S1,D876
P1-M7DE,INDEX STOPPER ADVANCE STOP,S1,D864X
P1-M7D2,SOCKET2 CHANGE COUNT STOP0,S1,D832X
P1-M080,PIN SET COMP.RESET,1,D80
P1-M01D,Auto. start fault working (light ^curtain),M1,D23X
P1-M004,Auto running pls,M1,D04
P1-M29F,VACANT,L1,D116
P1-M289,PROGRAM BIT2 SELECT,P1,D102
P1-M40E,DRY RUN SWITCH ON CHECK,NT1,D414
P1-M757,PUSH BUTTON INTERLOCK AUX.38,S1,D757
P1-M729,PUSH BUTTON INTERLOCK AUX.10,S1,D729
P1-M7E7,LOADING STOPPER CLOSE START,S1,D877
P1-M7DD,INDEX STOPPER ADVANCE START,S1,D863X
P1-M7D5,PIN SET ADVANCE START,S1,D855
P1-M081,PIN SET ADVANCE COMMAND TO GSP,1,D81
P1-M07A,INDEX RETURN,1,M80X
P1-M019,START FAULT(NO JUGEMENT OFF),M1,D19
P1-M005,Fault reset,M1,D05
P1-M29E,VACANT,L1,D115
P1-M400,DRY IN,NT1,D400
P1-M70C,LINK1-4 COMMUNICATION ERROR,P1,D712X
P1-M401,DRY RUN START OFF CHECK,NT1,D401
P1-M754,PUSH BUTTON INTERLOCK AUX.35,S1,D754
P1-M72F,PUSH BUTTON INTERLOCK AUX.16,S1,D735X
P1-M728,PUSH BUTTON INTERLOCK AUX.9,S1,D728
P1-M7E4,INDEX STOPPER RETURN STOP,S1,D874
P1-M7D4,LOCATE PIN(INDEX) OUT STOP,S1,D854
P1-M079,INDEX ADVANCE,1,D79
P1-M086,CARRYING OUT ADVANCE,1,D86
P1-M018,START FAULT,M1,D18
P1-M01F,Power supply,M1,D25X
P1-M29D,VACANT,L1,D114
P1-M70B,LINK1-3 COMMUNICATION ERROR,P1,D711X
P1-M705,0.2SEC CLOCK,P1,D705
P1-M755,PUSH BUTTON INTERLOCK AUX.36,S1,D755
P1-M72E,PUSH BUTTON INTERLOCK AUX.15,S1,D734X
P1-M7E5,LOADING STOPPER OPEN START,S1,D875
P1-M7D7,PIN SET RETURN START,S1,D857
P1-M792,SOCKET5 CHANGE COUNT STOP0,S1,D792
P1-M500,FAULT DISPLAY CHANGE,S1,D500
P1-M087,CARRYING OUT RET,1,D1X
P1-M01A,START FAULT(START STRIKER OFF ^CHECK),M1,D20X
P1-M7BC,CHECK COUNT STOP,S1,D822X
P1-M704,0.1SEC CLOCK,P1,D704
P1-M637,PRESS CYCLE CONDITION AUX.(FROM ^PRESS MID.STOP POSITION),1,D637
P1-M06E,HOME POSITION,1,D6E
P1-M617,M/C ORIGIN START MEMO.,1,D617
P1-M699,GSP PRESS JOG.,1,D699
P1-M600,GSP UNIT FAULT,1,D600
P1-M28A,PROGRAM BIT3 SELECT,P1,D103
P1-M752,PUSH BUTTON INTERLOCK AUX.33,S1,D752
P1-M72D,PUSH BUTTON INTERLOCK AUX.14,S1,D733X
P1-M727,PUSH BUTTON INTERLOCK AUX.8,S1,D727
P1-M7D6,PIN SET ADVANCE STOP,S1,D856
P1-M7C8,CLAMPER UP STOP,S1,D838
P1-M7E2,SOCKET3 CHANGE COUNT STOP0,S1,D8421X
P1-M7BB,CHECK COUNT FORECAST,S1,D821X
P1-M06F,ALL HOME POSITION,1,D6F
P1-M008,Fault buzzer,M1,D08
P1-M707,2SEC CLOCK,P1,D707
P1-M616,ZERO GAIN FAULT,1,D616
P1-M28B,PROGRAM BIT4 SELECT,P1,D104
P1-M601,GSP RESET(JUDGEMENT),1,D601
P1-M698,GSP MODE PRESS JOG.,1,D698
P1-M753,PUSH BUTTON INTERLOCK AUX.34,S1,D753
P1-M72C,PUSH BUTTON INTERLOCK AUX.13,S1,D732X
P1-M726,PUSH BUTTON INTERLOCK AUX.7,S1,D726
P1-M7E3,INDEX STOPPER RETURN START,S1,D873
P1-M7D9,INDEX UNIT ADVANCE START,S1,D859
P1-M7C9,CLAMPER DOWN START,S1,D839
P1-M7BA,CHECK COUNT PREVIOUS FORECAST,S1,D820X
P1-M790,SOCKET5 CHANGE COUNT ^PREVIOUSFORECAST0,S1,D790
P1-M01C,Operation enable,M1,D22X
P1-M02F,CYCLE FAULT,1,D25X
P1-M706,1SEC CLOCK,P1,D706
P1-M697,GSP MODE PRESS AUTO.,1,D697
P1-M631,PRESS CYCLE MEMO.(TO PIN SET ^ADVANCE POSITION),1,D631
P1-M615,PRESS OVERRUN(DOWN SIDE) FAULT,1,D615
P1-M28C,PROGRAM BIT5 SELECT,P1,D105
P1-M602,GSP RESET(ALL),1,D602
P1-M28D,VACANT,P1,D106
P1-M750,PUSH BUTTON INTERLOCK AUX.31,S1,D750
P1-M74A,PUSH BUTTON INTERLOCK AUX.25,S1,D750X
P1-M72B,PUSH BUTTON INTERLOCK AUX.12,S1,D731X
P1-M725,PUSH BUTTON INTERLOCK AUX.6,S1,D725
P1-M7D8,PIN SET RETURN START STOP,S1,D858
P1-M7CD,LOCATE PIN(INDEX) IN START,S1,D843X
P1-M791,SOCKET5 CHANGE COUNT FORECAST0,S1,D791
P1-M7F2,SOCKET4 CHANGE COUNT STOP0,S1,D852X
P1-M7E0,SOCKET3 CHANGE COUNT ^PREVIOUSFORECAST0,S1,D8401X
P1-M01B,START FAULT(NO JUDGEMENT OFF),M1,D21X
P1-M015,Comp. reset off check,M1,D15
P1-M020,PRESS UNIT FAULT,1,D20
P1-M091,PRESS JUDGEMENT OFF,1,D91
P1-M701,NORMALLY OFF,P1,D701
P1-M630,PRESS CYCLE(TO PIN SET ADVANCE ^POSITION),1,D630
P1-M28E,VACANT,P1,D107
P1-M751,PUSH BUTTON INTERLOCK AUX.32,S1,D751
P1-M72A,PUSH BUTTON INTERLOCK AUX.11,S1,D730X
P1-M724,PUSH BUTTON INTERLOCK AUX.5,S1,D724
P1-M7EB,CARRYING OUT RETURN START,S1,D881
P1-M7CE,LOCATE PIN(INDEX) IN STOP,S1,D844X
P1-M7F1,SOCKET4 CHANGE COUNT FORECAST0,S1,D851X
P1-M7E1,SOCKET3 CHANGE COUNT FORECAST0,S1,D8411X
P1-M7A2,QUALITY CHECK COUNT STOP0,S1,D802
P1-M090,TOTAL PRESS JUDGEMENT OFF,1,D90
P1-M021,LIGHT CURTAIN PASSING CONF.(AT ^POWER ON),M1,D21
P1-M0B0,POWER SUPPLY,M1,D110
P1-M647,PRESS RETURN CYCLE CONDITION ^AUX.,1,D647
P1-M700,NORMALLY ON,P1,D700
P1-M63F,ALL PRESS JUDGEMENT CONF.(GSP),1,D645X
P1-M613,PRESS M/C ORIGIN START OK MEMO.,1,D613
P1-M712,LINK1-1 COMMUNICATION RESET,P1,D712
P1-M28F,VACANT,P1,D108
P1-M74C,PUSH BUTTON INTERLOCK AUX.27,S1,D752X
P1-M723,PUSH BUTTON INTERLOCK AUX.4,S1,D723
P1-M7EC,CARRYING OUT RETURN STOP,S1,D882
P1-M7F0,SOCKET4 CHANGE COUNT ^PREVIOUSFORECAST0,S1,D850X
P1-M0B1,POWER SUPPLY BLOCKING,M1,D5M
P1-M022,LIGHT CURTAIN BROKEN,M1,D22
P1-M703,RUN,P1,D703
P1-M63A,PRESS JUDGEMENT CONF.(GSP),1,D640X
P1-M632,PRESS CYCLE JUDGEMENT CONF.(TO ^PIN SET ADVANCE POSITION),1,D632
P1-M620,PRESS PIN POSITION SIG.,1,D620
P1-M612,M/C ORIGIN START NG MEMO.,1,D612
P1-M713,LINK1-2 COMMUNICATION RESET,P1,D713
P1-M74B,PUSH BUTTON INTERLOCK AUX.26,S1,D751X
P1-M745,PUSH BUTTON INTERLOCK AUX.20,S1,D745
P1-M722,PUSH BUTTON INTERLOCK AUX.3,S1,D722
P1-M7C4,LIFTER UP STOP,S1,D834
P1-M7B2,SOCKET1 CHANGE COUNT STOP0,S1,D812
P1-M7A0,QUALITY CHECK COUNT ^PREVIOUSFORECAST0,S1,D800
P1-M073,CLAMPER DOWN,1,D73
P1-M00A,MASTER ON CONF.(PLS),M1,D10X
P1-M710,LINK1-8 COMMUNICATION ERROR,P1,D710
P1-M64F,PRESS RETURN CYCLE ^JUDGEMENTCONF.(GSP),1,D655X
P1-M016,Force condition,M1,D16
P1-M611,M/C ORIGIN START NG,1,D611
P1-M648,PRESS RETURN CYCLE,1,D648
P1-M702,1ST SCAN,P1,D702
P1-M74E,PUSH BUTTON INTERLOCK AUX.29,S1,D754X
P1-M744,PUSH BUTTON INTERLOCK AUX.19,S1,D744
P1-M721,PUSH BUTTON INTERLOCK AUX.2,S1,D721
P1-M7EA,CARRYING OUT ADVANCE STOP,S1,D880
P1-M7C5,LIFTER DOWN START,S1,D835
P1-M7B1,SOCKET1 CHANGE COUNT FORECAST0,S1,D811
P1-M7A1,QUALITY CHECK COUNT FORECAST0,S1,D801
P1-M072,LIFTER UP,1,D72
P1-M0B3,LIGHT CURTAIN BROKEN CHECK,M1,D0B3
P1-M011,Restart prevention,M1,D11
P1-M711,SPECIAL MODULE ERROR,P1,D711
P1-M033,MANUAL,M1,D33
P1-M649,PRESS RETURN CYCLE MEMO.(GSP),1,D649
P1-M00F,PROGRAM SELECT COMP.(GSP),L1,D0F
P1-M610,M/C ORIGIN START,1,D610
P1-M74D,PUSH BUTTON INTERLOCK AUX.28,S1,D753X
P1-M747,PUSH BUTTON INTERLOCK AUX.22,S1,D747
P1-M720,PUSH BUTTON INTERLOCK AUX.1,S1,D720
P1-M7CA,CLAMPER DOWN STOP,S1,D840X
P1-M7C6,LIFTER DOWN STOP,S1,D836
P1-M7B0,SOCKET1 CHANGE COUNT ^PREVIOUSFORECAST0,S1,D810
P1-M071,LIFTER DOWN,1,D71
P1-M0D0,M0AVR1 OVER LOAD,M1,D130
P1-M002,BATTERY FAULT,M1,D2A
P1-M032,AUTO,M1,D32
P1-M590,ALL PIN PRESS COMP. ,1,D590
P1-M010,Comp. reset,M1,D10
P1-M716,LINK1-5 COMMUNICATION RESET,P1,D716
P1-M746,PUSH BUTTON INTERLOCK AUX.21,S1,D746
P1-M7CB,RESERVE,S1,D841X
P1-M7C7,CLAMPER UP START,S1,D837
P1-M070,START CONDITION,1,D70
P1-M0D1,M0AVR1 DC LOW,M1,D0D1
P1-M013,Photsensor conf. off check,M1,D013
P1-M08F,FAULT(E-STOP)AUX.1,M1,D27X
P1-M003,BATTERY FAULT CONF.,M1,D3H
P1-M29C,PROGRAM BIT5 SELECT COMP.,L1,D113
P1-M70E,LINK1-6 COMMUNICATION ERROR,P1,D714X
P1-M74F,PUSH BUTTON INTERLOCK AUX.30,S1,D755X
P1-M749,PUSH BUTTON INTERLOCK AUX.24,S1,D749
P1-M730,PUSH BUTTON INTERLOCK AUX.17,S1,D730
P1-M7DA,INDEX UNIT ADVANCE STOP,S1,D860X
P1-M7CC,RESERVE,S1,D842X
P1-M7C0,ALL CYCLE TIME ^MESUREMENTCONDITION,S1,D830
P1-M030,LINK FAULT,M1,D30
P1-M012,AUTO. RUNNING,M1,D012
P1-M000,MASTER ON,L1,D1M
P1-M29B,PROGRAM BIT4 SELECT COMP.,L1,D112
P1-M299,PROGRAM BIT2 SELECT COMP.,L1,D110
P1-M70D,LINK1-5 COMMUNICATION ERROR,P1,D713X
P1-M714,LINK1-3 COMMUNICATION RESET,P1,D714
P1-M404,DRY CYCLE COMP.,NT1,D404
P1-M748,PUSH BUTTON INTERLOCK AUX.23,S1,D748
P1-M731,PUSH BUTTON INTERLOCK AUX.18,S1,D731
P1-M7C1,ALL CYCLE COMP.CONDITION,S1,D831
P1-M7D1,SOCKET2 CHANGE COUNT FORECAST0,S1,D831X
P1-M076,LOCATE PIN(INDEX) OUT,1,D76
P1-M001,BATTERY FAULT,M1,D1
P1-M187,PRESS CYCLE CONDITION(TO PIN SET ^ADVANCE POSITION),1,D187
P1-M639,PRESS CYCLE MEMO.(GSP),1,D639
P1-M29A,PROGRAM BIT3 SELECT COMP.,L1,D111
P1-M298,PROGRAM BIT1 SELECT COMP.,L1,D109
P1-M715,LINK1-4 COMMUNICATION RESET,P1,D715
P1-M7E8,LOADING STOPPER CLOSE STOP,S1,D878
P1-M7DC,INDEX UNIT RETURN STOP,S1,D862X
P1-M7D0,SOCKET2 CHANGE COUNT ^PREVIOUSFORECAST0,S1,D830X
P1-M082,PIN SET RETURN,1,D82
P1-M075,LOCATE PIN(INDEX) IN,1,D75
P1-M40F,DRY CONDITION,NT1,D415
P1-M006,Unit fault,M1,D06
P1-M638,PRESS CYCLE(FROM PRESS MID.STOP ^POSITION),1,D638
P1-M70F,LINK1-7 COMMUNICATION ERROR,P1,D715X
P1-M709,LINK1-1 COMMUNICATION ERROR,P1,D709
P1-M7E9,CARRYING OUT ADVANCE START,S1,D879
P1-M7DB,INDEX UNIT RETURN START,S1,D861X
P1-M7D3,LOCATE PIN(INDEX) OUT START,S1,D853
P1-M7C3,LIFTER UP START,S1,D833
P1-M083,PIN SET ADVANCE,1,D83
P1-M074,CLAMPER UP,1,D74
P1-M01E,Auto. start fault working(part ^conf.),M1,D24X
P1-M402,DRY RUN START,NT1,D402
P1-M007,BUZEER STOP,M1,D07
P1-M708,60SEC CLOCK,P1,D708
P1-M185,PRESS CYCLE(GSP)CONDITION 2 AUX.,1,D185
P1-M288,PROGRAM BIT1 SELECT,P1,D101
P1-M70A,LINK1-2 COMMUNICATION ERROR,P1,D710X
P1-F0078,CYCLE TIME DATA SHIFT,S1,
P1-F0081,CYCLE TIME DATA TRANSFER,S1,
P1-F0134,CYCLE TIME DATA TRANSFER,S1,
P1-F0080,CYCLE TIME DATA SHIFT,S1,
P1-F0108,CYCLE TIME DATA TRANSFER,S1,
P1-F0092,CYCLE TIME DATA SHIFT,S1,
P1-F0079,CYCLE TIME DATA TRANSFER,S1,
P1-F0083,CYCLE TIME DATA TRANSFER,S1,
P1-F0038,SOCKET2 REPLASE COUNT ^CURRENTINCLIMENT,S1,
P1-F0093,CYCLE TIME DATA TRANSFER,S1,
P1-F0039,SOCKET3 REPLASE COUNT ^CURRENTINCLIMENT,S1,
P1-F0090,CYCLE TIME DATA SHIFT,S1,
P1-F0131,CYCLE TIME DATA SHIFT,S1,
P1-F0082,CYCLE TIME DATA SHIFT,S1,
P1-F0130,CYCLE TIME DATA TRANSFER,S1,
P1-F0091,CYCLE TIME DATA TRANSFER,S1,
P1-F0133,CYCLE TIME DATA SHIFT,S1,
P1-F0096,CYCLE TIME DATA SHIFT,S1,
P1-F0097,CYCLE TIME DATA TRANSFER,S1,
P1-F0120,,1,
P1-F0104,CYCLE TIME DATA SHIFT,S1,
P1-F0132,CYCLE TIME DATA TRANSFER,S1,
P1-F0105,CYCLE TIME DATA TRANSFER,S1,
P1-F0094,CYCLE TIME DATA SHIFT,S1,
P1-F0089,CYCLE TIME DATA TRANSFER,S1,
P1-F0106,CYCLE TIME DATA SHIFT,S1,
P1-F0095,CYCLE TIME DATA TRANSFER,S1,
P1-F0016,210P DISPLAY CHANGE,S1,
P1-F0036,QUALITY CHECK COUNT ^CURRENTINCLIMENT,S1,
P1-F0107,CYCLE TIME DATA TRANSFER,S1,
P1-F0088,CYCLE TIME DATA SHIFT,S1,
P1-F0005,PROGRAM SELECT START(=3),L1,
P1-F0100,CYCLE TIME DATA SHIFT,S1,
P1-F0072,CYCLE TIME DATA SHIFT,S1,
P1-F0017,214P DISPLAY CHANGE,S1,
P1-F0037,SOCKET1 REPLASE COUNT ^CURRENTINCLIMENT,S1,
P1-F0004,PROGRAM SELECT START(=2),L1,
P1-F0098,CYCLE TIME DATA SHIFT,S1,
P1-F0101,CYCLE TIME DATA TRANSFER,S1,
P1-F0073,CYCLE TIME DATA TRANSFER,S1,
P1-F0014,59P DISPLAY CHANGE,S1,
P1-F0007,PROGRAM SELECT START(=5),L1,
P1-F0015,205P DISPLAY CHANGE,S1,
P1-F0041,SOCKET5 REPLASE COUNT ^CURRENTINCLIMENT,S1,
P1-F0099,CYCLE TIME DATA TRANSFER,S1,
P1-F0102,CYCLE TIME DATA SHIFT,S1,
P1-F0074,CYCLE TIME DATA SHIFT,S1,
P1-F0006,PROGRAM SELECT START(=4),L1,
P1-F0103,CYCLE TIME DATA TRANSFER,S1,
P1-F0075,CYCLE TIME DATA TRANSFER,S1,
P1-F0085,CYCLE TIME DATA TRANSFER,S1,
P1-F0040,SOCKET4 REPLASE COUNT ^CURRENTINCLIMENT,S1,
P1-F0001,,1,
P1-F0084,CYCLE TIME DATA SHIFT,S1,
P1-F0076,CYCLE TIME DATA SHIFT,S1,
P1-F0087,CYCLE TIME DATA TRANSFER,S1,
P1-F0128,PROGRAM SELECT START(=5),L1,
P1-F0119,FAULT DETAIL COMMAND (BIT),S1,
P1-F0077,CYCLE TIME DATA TRANSFER,S1,
P1-F0003,PROGRAM SELECT START(=1),L1,
P1-F0086,CYCLE TIME DATA SHIFT,S1,
P1-F0118,FAULT DETAIL RESET,S1,
P1-F0129,CYCLE TIME DATA SHIFT,S1,
P1-F0002,PROGRAM SELECT START(=0),L1,
EM046E,AUTO. RUNNING,M1,E34X
EM046D,RESERVE,M1,E33X
EM046F,CYCLE RUNNING,M1,E35X
EM0461,SYSTEM FAULT,M1,E21
EM0460,MANUAL MODE,M1,E20
EM0463,QC COUNTER STOP,M1,E23
EM0462,QC COUNTER FORECAST,M1,E22
EM0465,RESERVE,M1,E25
EM0464,RESERVE,M1,E24
EM0467,RESERVE,M1,E27
EM046A,PART AT ENTRANCE,M1,E30X
EM0466,RESERVE,M1,E26
EM0469,CYCLE OVER,M1,E29
EM046C,MANUAL BACK UP,M1,E32X
EM0468,RESERVE,M1,E28
EM046B,PART AT EXIT,M1,E31X
