{"name":"91dd226e-be38-4bb2-8f0f-a0ed5f2b2a3c","id":"/providers/Microsoft.Flow/flows/91dd226e-be38-4bb2-8f0f-a0ed5f2b2a3c","type":"Microsoft.Flow/flows","properties":{"apiId":"/providers/Microsoft.PowerApps/apis/shared_logicflows","displayName":"Webhook","definition":{"metadata":{"workflowEntityId":null,"processAdvisorMetadata":null,"flowChargedByPaygo":null,"flowclientsuspensionreason":"None","flowclientsuspensiontime":null,"flowclientsuspensionreasondetails":null,"creator":{"id":"a6a107ae-dcc4-4c2e-98c1-973716628170","type":"User","tenantId":"b7f0b55f-42d3-45ed-8121-72b85b97202e"},"provisioningMethod":"FromDefinition","failureAlertSubscription":true,"clientLastModifiedTime":"2025-02-10T02:57:41.2348126Z","connectionKeySavedTimeKey":"2025-02-10T02:57:41.2348126Z"},"$schema":"https://schema.management.azure.com/providers/Microsoft.Logic/schemas/2016-06-01/workflowdefinition.json#","contentVersion":"1.0.0.0","parameters":{"$authentication":{"defaultValue":{},"type":"SecureObject"}},"triggers":{"manual":{"metadata":{"operationMetadataId":"7005bb05-f253-47a8-b3e6-7932723b5831"},"type":"Request","kind":"TeamsWebhook","inputs":{"schema":{"type":"object","properties":{"type":{"type":"string"},"attachments":{"type":"array","items":{"type":"object","properties":{"contentType":{"type":"string"},"content":{"type":"object","properties":{"$schema":{"type":"string"},"type":{"type":"string"},"version":{"type":"string"},"body":{"type":"array","items":{"type":"object","properties":{"type":{"type":"string"}},"required":["type"]}}}}},"required":["contentType","content"]}}}},"triggerAuthenticationType":"All"}}},"actions":{"開始文字":{"runAfter":{"JSON→String":["Succeeded"]},"metadata":{"operationMetadataId":"e9f70cba-c7ad-4547-9d0a-790304b53590"},"type":"InitializeVariable","inputs":{"variables":[{"name":"開始文字","type":"float","value":"@add(indexOf(variables('Body'),',\"text\":'),9)"}]}},"JSON→String":{"runAfter":{},"metadata":{"operationMetadataId":"6a476b22-9611-439a-b9fd-bd3dfc54ba46"},"type":"InitializeVariable","inputs":{"variables":[{"name":"Body","type":"string","value":"@{string(triggerBody())}"}]}},"終了文字":{"runAfter":{"開始文字":["Succeeded"]},"metadata":{"operationMetadataId":"a286d28f-b5e1-45af-9626-4151500d2ef4"},"type":"InitializeVariable","inputs":{"variables":[{"name":"終了文字","type":"float","value":"@indexOf(variables('Body'),'\"}]}}]}')"}]}},"抽出文字数":{"runAfter":{"終了文字":["Succeeded"]},"metadata":{"operationMetadataId":"b86f52d5-f598-4b27-8a04-a1069ac0d2b2"},"type":"InitializeVariable","inputs":{"variables":[{"name":"文字数","type":"float","value":"@sub(variables('終了文字'),variables('開始文字'))"}]}},"文字抽出":{"runAfter":{"抽出文字数":["Succeeded"]},"metadata":{"operationMetadataId":"4759d08b-f091-407a-85b3-1da47daae622"},"type":"InitializeVariable","inputs":{"variables":[{"name":"文字抽出","type":"string","value":"@{substring(variables('Body'),int(variables('開始文字')),int(variables('文字数')))}"}]}}},"outputs":{},"description":""},"connectionReferences":{},"flowFailureAlertSubscribed":false,"isManaged":false}}